-- phpMyAdmin SQL Dump
-- version 3.5.1
-- http://www.phpmyadmin.net
--
-- Хост: localhost
-- Время создания: Июн 09 2014 г., 12:22
-- Версия сервера: 5.5.24-log
-- Версия PHP: 5.3.13

SET SQL_MODE="NO_AUTO_VALUE_ON_ZERO";
SET time_zone = "+00:00";


/*!40101 SET @OLD_CHARACTER_SET_CLIENT=@@CHARACTER_SET_CLIENT */;
/*!40101 SET @OLD_CHARACTER_SET_RESULTS=@@CHARACTER_SET_RESULTS */;
/*!40101 SET @OLD_COLLATION_CONNECTION=@@COLLATION_CONNECTION */;
/*!40101 SET NAMES utf8 */;

--
-- База данных: `aligorex`
--

-- --------------------------------------------------------

--
-- Структура таблицы `attributes`
--

CREATE TABLE IF NOT EXISTS `attributes` (
  `id` int(10) unsigned NOT NULL AUTO_INCREMENT,
  `status` tinyint(1) NOT NULL,
  `order` int(10) NOT NULL,
  PRIMARY KEY (`id`)
) ENGINE=InnoDB  DEFAULT CHARSET=utf8 AUTO_INCREMENT=4 ;

--
-- Дамп данных таблицы `attributes`
--

INSERT INTO `attributes` (`id`, `status`, `order`) VALUES
(2, 1, 0);

-- --------------------------------------------------------

--
-- Структура таблицы `attributes_translate`
--

CREATE TABLE IF NOT EXISTS `attributes_translate` (
  `table_id` int(10) unsigned NOT NULL,
  `lang` varchar(2) NOT NULL,
  `title` varchar(255) NOT NULL,
  KEY `table_id` (`table_id`)
) ENGINE=InnoDB DEFAULT CHARSET=utf8;

--
-- Дамп данных таблицы `attributes_translate`
--

INSERT INTO `attributes_translate` (`table_id`, `lang`, `title`) VALUES
(2, 'ru', 'тестовая'),
(2, 'lv', 'Izstrāde');

-- --------------------------------------------------------

--
-- Структура таблицы `attributes_values`
--

CREATE TABLE IF NOT EXISTS `attributes_values` (
  `attributes_id` int(10) unsigned NOT NULL,
  `values_id` int(10) unsigned NOT NULL AUTO_INCREMENT,
  PRIMARY KEY (`values_id`),
  KEY `attributes_id` (`attributes_id`),
  KEY `values_id` (`values_id`),
  KEY `attributes_id_2` (`attributes_id`)
) ENGINE=InnoDB  DEFAULT CHARSET=utf8 AUTO_INCREMENT=4 ;

-- --------------------------------------------------------

--
-- Структура таблицы `attributes_values_translate`
--

CREATE TABLE IF NOT EXISTS `attributes_values_translate` (
  `table_id` int(10) unsigned NOT NULL,
  `lang` varchar(2) NOT NULL,
  `title` varchar(255) NOT NULL,
  KEY `table_id` (`table_id`)
) ENGINE=InnoDB DEFAULT CHARSET=utf8;

-- --------------------------------------------------------

--
-- Структура таблицы `categories`
--

CREATE TABLE IF NOT EXISTS `categories` (
  `id` int(10) unsigned NOT NULL AUTO_INCREMENT,
  `p_id` int(10) unsigned NOT NULL,
  `url` varchar(255) NOT NULL,
  `status` tinyint(1) unsigned NOT NULL,
  `deleted` tinyint(1) unsigned NOT NULL,
  `order` int(4) unsigned NOT NULL,
  `rout_id` int(10) unsigned NOT NULL,
  `module_id` int(10) unsigned NOT NULL,
  PRIMARY KEY (`id`),
  KEY `module_id` (`module_id`)
) ENGINE=InnoDB  DEFAULT CHARSET=utf8 AUTO_INCREMENT=11 ;

--
-- Дамп данных таблицы `categories`
--

INSERT INTO `categories` (`id`, `p_id`, `url`, `status`, `deleted`, `order`, `rout_id`, `module_id`) VALUES
(1, 0, 'razrabotka', 1, 0, 1, 55, 1),
(2, 0, 'novosti', 1, 0, 1, 56, 2),
(3, 0, 'dizajn', 1, 0, 2, 57, 1),
(4, 0, 'nashi-raboti', 1, 0, 2, 58, 2),
(5, 0, 'prodvizhenie', 1, 0, 3, 63, 1),
(7, 0, 'testovaja', 0, 1, 0, 70, 1),
(8, 0, 'cars', 1, 0, 1, 80, 3),
(9, 8, 'legkovie', 1, 0, 2, 81, 3),
(10, 8, 'gruzovie', 1, 0, 3, 82, 3);

-- --------------------------------------------------------

--
-- Структура таблицы `categories_translate`
--

CREATE TABLE IF NOT EXISTS `categories_translate` (
  `table_id` int(10) unsigned NOT NULL,
  `lang` varchar(2) NOT NULL,
  `title` varchar(255) NOT NULL,
  KEY `table_id` (`table_id`)
) ENGINE=InnoDB DEFAULT CHARSET=utf8;

--
-- Дамп данных таблицы `categories_translate`
--

INSERT INTO `categories_translate` (`table_id`, `lang`, `title`) VALUES
(1, 'ru', 'Разработка'),
(2, 'ru', 'Новости'),
(3, 'ru', 'Дизайн'),
(4, 'ru', 'Наши работы'),
(5, 'ru', 'Продвижение'),
(1, 'lv', 'Izstrāde'),
(2, 'lv', 'Jaunumi'),
(3, 'lv', 'Dizains'),
(4, 'lv', 'Musu darbi'),
(5, 'lv', 'Veicināšana'),
(7, 'ru', 'тестовая'),
(7, 'lv', 'šššoļļļļ'),
(8, 'ru', 'автомобили'),
(8, 'lv', 'autotransports'),
(9, 'ru', 'легковые'),
(9, 'lv', 'vieglie auto'),
(10, 'ru', 'грузовые'),
(10, 'lv', 'kravas auto');

-- --------------------------------------------------------

--
-- Структура таблицы `ci_sessions`
--

CREATE TABLE IF NOT EXISTS `ci_sessions` (
  `session_id` varchar(40) NOT NULL DEFAULT '0',
  `ip_address` varchar(16) NOT NULL DEFAULT '0',
  `user_agent` varchar(120) NOT NULL,
  `last_activity` int(10) unsigned NOT NULL DEFAULT '0',
  `user_data` text NOT NULL,
  PRIMARY KEY (`session_id`),
  KEY `last_activity_idx` (`last_activity`)
) ENGINE=InnoDB DEFAULT CHARSET=utf8;

--
-- Дамп данных таблицы `ci_sessions`
--

INSERT INTO `ci_sessions` (`session_id`, `ip_address`, `user_agent`, `last_activity`, `user_data`) VALUES
('09a6945d715ba8d1b774f8717a2cdc98', '127.0.0.1', 'Mozilla/5.0 (Windows NT 6.1; WOW64) AppleWebKit/537.36 (KHTML, like Gecko) Chrome/35.0.1916.114 Safari/537.36', 1402307279, 'a:6:{s:9:"user_data";s:0:"";s:8:"identity";s:15:"admin@admin.com";s:8:"username";s:13:"administrator";s:5:"email";s:15:"admin@admin.com";s:7:"user_id";s:1:"1";s:14:"old_last_login";s:10:"1402033784";}'),
('4097b9953493405879005ac4d4ba85fc', '127.0.0.1', 'Mozilla/5.0 (Windows NT 6.1; WOW64) AppleWebKit/537.36 (KHTML, like Gecko) Chrome/35.0.1916.114 Safari/537.36', 1402307908, 'a:2:{s:9:"user_data";s:0:"";s:17:"flash:old:message";s:34:"<p>Выход успешный</p>";}'),
('b0eadbe90c7d8ceb5a6c22a2c228db00', '127.0.0.1', 'Mozilla/5.0 (Windows NT 6.1; WOW64) AppleWebKit/537.36 (KHTML, like Gecko) Chrome/35.0.1916.114 Safari/537.36', 1402315986, 'a:6:{s:9:"user_data";s:0:"";s:8:"identity";s:15:"admin@admin.com";s:8:"username";s:13:"administrator";s:5:"email";s:15:"admin@admin.com";s:7:"user_id";s:1:"1";s:14:"old_last_login";s:10:"1402307893";}'),
('fadda64ce8ad2c06a739325c0c8e4484', '127.0.0.1', 'Mozilla/5.0 (Windows NT 6.1; WOW64) AppleWebKit/537.36 (KHTML, like Gecko) Chrome/35.0.1916.114 Safari/537.36', 1402307592, 'a:6:{s:9:"user_data";s:0:"";s:8:"identity";s:15:"admin@admin.com";s:8:"username";s:13:"administrator";s:5:"email";s:15:"admin@admin.com";s:7:"user_id";s:1:"1";s:14:"old_last_login";s:10:"1402307286";}');

-- --------------------------------------------------------

--
-- Структура таблицы `groups`
--

CREATE TABLE IF NOT EXISTS `groups` (
  `id` mediumint(8) unsigned NOT NULL AUTO_INCREMENT,
  `name` varchar(20) NOT NULL,
  `description` varchar(100) NOT NULL,
  PRIMARY KEY (`id`)
) ENGINE=InnoDB  DEFAULT CHARSET=utf8 AUTO_INCREMENT=3 ;

--
-- Дамп данных таблицы `groups`
--

INSERT INTO `groups` (`id`, `name`, `description`) VALUES
(1, 'admin', 'Administrator'),
(2, 'members', 'General User');

-- --------------------------------------------------------

--
-- Структура таблицы `languages`
--

CREATE TABLE IF NOT EXISTS `languages` (
  `id` int(10) unsigned NOT NULL AUTO_INCREMENT,
  `lang` varchar(2) NOT NULL,
  `description` varchar(20) NOT NULL,
  `img` varchar(255) NOT NULL,
  PRIMARY KEY (`id`)
) ENGINE=InnoDB  DEFAULT CHARSET=utf8 AUTO_INCREMENT=3 ;

--
-- Дамп данных таблицы `languages`
--

INSERT INTO `languages` (`id`, `lang`, `description`, `img`) VALUES
(1, 'ru', 'Русский', ''),
(2, 'lv', 'Latviešu', '');

-- --------------------------------------------------------

--
-- Структура таблицы `login_attempts`
--

CREATE TABLE IF NOT EXISTS `login_attempts` (
  `id` int(11) unsigned NOT NULL AUTO_INCREMENT,
  `ip_address` varchar(15) NOT NULL,
  `login` varchar(100) NOT NULL,
  `time` int(11) unsigned DEFAULT NULL,
  PRIMARY KEY (`id`)
) ENGINE=InnoDB DEFAULT CHARSET=utf8 AUTO_INCREMENT=1 ;

-- --------------------------------------------------------

--
-- Структура таблицы `modules`
--

CREATE TABLE IF NOT EXISTS `modules` (
  `id` int(10) unsigned NOT NULL AUTO_INCREMENT,
  `name` varchar(255) NOT NULL,
  `title` varchar(255) NOT NULL,
  PRIMARY KEY (`id`)
) ENGINE=InnoDB  DEFAULT CHARSET=utf8 AUTO_INCREMENT=4 ;

--
-- Дамп данных таблицы `modules`
--

INSERT INTO `modules` (`id`, `name`, `title`) VALUES
(1, 'pages', 'Страницы'),
(2, 'blog', 'Блог'),
(3, 'product', 'Магазин');

-- --------------------------------------------------------

--
-- Структура таблицы `navigation`
--

CREATE TABLE IF NOT EXISTS `navigation` (
  `id` int(10) unsigned NOT NULL AUTO_INCREMENT,
  `p_id` int(10) unsigned NOT NULL,
  `rout_id` int(10) unsigned NOT NULL,
  `status` tinyint(1) NOT NULL,
  `deleted` tinyint(1) NOT NULL,
  `created` datetime NOT NULL,
  `modified` datetime NOT NULL,
  `order` int(10) unsigned NOT NULL,
  PRIMARY KEY (`id`)
) ENGINE=InnoDB  DEFAULT CHARSET=utf8 AUTO_INCREMENT=24 ;

--
-- Дамп данных таблицы `navigation`
--

INSERT INTO `navigation` (`id`, `p_id`, `rout_id`, `status`, `deleted`, `created`, `modified`, `order`) VALUES
(18, 0, 53, 1, 0, '2014-05-27 11:03:23', '2014-06-02 14:40:42', 1),
(19, 0, 56, 1, 0, '2014-05-27 11:04:17', '2014-05-28 08:30:01', 2),
(20, 0, 61, 1, 0, '2014-05-27 11:04:52', '2014-05-28 09:35:08', 3),
(21, 0, 58, 1, 0, '2014-05-27 11:05:39', '2014-05-28 08:30:14', 4),
(22, 0, 48, 1, 0, '2014-05-27 11:05:56', '2014-05-27 11:21:27', 5),
(23, 0, 61, 0, 0, '2014-06-02 14:55:16', '2014-06-02 14:56:08', 6);

-- --------------------------------------------------------

--
-- Структура таблицы `navigation_translate`
--

CREATE TABLE IF NOT EXISTS `navigation_translate` (
  `table_id` int(10) unsigned NOT NULL,
  `lang` varchar(2) NOT NULL,
  `title` varchar(255) NOT NULL,
  KEY `table_id` (`table_id`,`lang`)
) ENGINE=InnoDB DEFAULT CHARSET=utf8;

--
-- Дамп данных таблицы `navigation_translate`
--

INSERT INTO `navigation_translate` (`table_id`, `lang`, `title`) VALUES
(18, 'ru', 'Компания'),
(19, 'ru', 'Новости'),
(20, 'ru', 'Услуги'),
(21, 'ru', 'Наши работы'),
(22, 'ru', 'Контакты'),
(18, 'lv', 'Kompanija'),
(19, 'lv', 'Jaunumi'),
(20, 'lv', 'Pakalpojumi'),
(21, 'lv', 'Musu darbi'),
(22, 'lv', 'Kontakti'),
(23, 'ru', 'тестовая'),
(23, 'lv', 'Sššīīīīīī');

-- --------------------------------------------------------

--
-- Структура таблицы `pages`
--

CREATE TABLE IF NOT EXISTS `pages` (
  `id` int(10) unsigned NOT NULL AUTO_INCREMENT,
  `url` varchar(255) NOT NULL,
  `created` datetime NOT NULL,
  `modified` datetime NOT NULL,
  `deleted` tinyint(1) unsigned NOT NULL,
  `status` tinyint(1) unsigned NOT NULL,
  `rout_id` int(10) unsigned NOT NULL,
  `module_id` int(10) unsigned NOT NULL,
  PRIMARY KEY (`id`),
  KEY `module_id` (`module_id`),
  KEY `module_id_2` (`module_id`)
) ENGINE=InnoDB  DEFAULT CHARSET=utf8 AUTO_INCREMENT=14 ;

--
-- Дамп данных таблицы `pages`
--

INSERT INTO `pages` (`id`, `url`, `created`, `modified`, `deleted`, `status`, `rout_id`, `module_id`) VALUES
(1, 'masterskaja-prirodi', '2014-05-28 12:58:59', '2014-06-06 08:49:36', 0, 1, 64, 2),
(3, 'uslugi', '2014-05-28 09:33:58', '2014-05-28 12:21:40', 0, 1, 61, 1),
(5, 'razrabotka-programmnogo-obespechenija', '2014-05-28 13:28:40', '0000-00-00 00:00:00', 0, 1, 65, 1),
(6, 'dizajn-sajtov', '2014-05-28 13:29:31', '0000-00-00 00:00:00', 0, 1, 66, 1),
(7, 'sozdanie-logotipov', '2014-05-28 13:29:47', '0000-00-00 00:00:00', 0, 1, 67, 1),
(8, 'razrabotka-veb-sajtov', '2014-05-28 13:30:05', '2014-06-04 11:13:55', 0, 1, 68, 1),
(10, 'testovaja', '2014-06-06 06:23:59', '2014-06-06 10:07:27', 0, 0, 76, 1),
(12, 'blog-test', '2014-06-06 07:17:10', '2014-06-06 07:17:30', 1, 0, 78, 2),
(13, 'nashi-raboti-test', '2014-06-06 07:20:38', '2014-06-06 08:47:48', 0, 1, 79, 2);

-- --------------------------------------------------------

--
-- Структура таблицы `pages_categories`
--

CREATE TABLE IF NOT EXISTS `pages_categories` (
  `pages_id` int(10) unsigned NOT NULL,
  `categories_id` int(10) unsigned NOT NULL,
  KEY `pages_id` (`pages_id`,`categories_id`),
  KEY `categories_id` (`categories_id`)
) ENGINE=InnoDB DEFAULT CHARSET=utf8;

--
-- Дамп данных таблицы `pages_categories`
--

INSERT INTO `pages_categories` (`pages_id`, `categories_id`) VALUES
(1, 4),
(5, 1),
(6, 3),
(7, 3),
(8, 5),
(10, 5),
(12, 4),
(13, 4);

-- --------------------------------------------------------

--
-- Структура таблицы `pages_translate`
--

CREATE TABLE IF NOT EXISTS `pages_translate` (
  `table_id` int(10) unsigned NOT NULL,
  `lang` varchar(2) NOT NULL,
  `title` varchar(255) NOT NULL,
  `content` text NOT NULL,
  `short_content` text NOT NULL,
  KEY `table_id` (`table_id`)
) ENGINE=InnoDB DEFAULT CHARSET=utf8;

--
-- Дамп данных таблицы `pages_translate`
--

INSERT INTO `pages_translate` (`table_id`, `lang`, `title`, `content`, `short_content`) VALUES
(1, 'ru', 'Мастерская природы', '<p>ytjtyjtyj</p>\r\n', '<p><img alt="" src="http://localhost/aligorex/uploads/cke_uploads/2014-06/4cf496bde7a16104adadc33f99e985b4.png" style="height:300px; width:500px" /></p>\r\n'),
(1, 'lv', 'Dabas darbnica', '<p>Dabas darbnica</p>\r\n', '<p>&nbsp;</p>\r\n\r\n<p><img alt="" src="http://localhost/aligorex/uploads/cke_uploads/2014-06/55a4be5c4ed9c5cdde8c71e24d72f342.png" style="height:300px; width:500px" /></p>\r\n'),
(3, 'ru', 'Услуги', '<p><img alt="" src="http://localhost/aligorex/uploads/cke_uploads/2014-05/5664fba1f887a35a589d3200f9c418a2.jpg" style="height:189px; width:267px" />Разработка программного обеспечения</p>\r\n\r\n<p>Мы поможем пройти все этапы разработки программного обеспечения, запустить готовое решение и обеспечить поддержку.</p>\r\n\r\n<div class="circle" style="box-sizing: border-box; margin: 10px; width: 80px; height: 80px; border-top-left-radius: 100%; border-top-right-radius: 100%; border-bottom-right-radius: 100%; border-bottom-left-radius: 100%; border: 8px solid rgb(20, 96, 163); color: black; text-align: center; font-size: 72px; overflow: hidden; line-height: 100px; font-family: ''Open Sans'', sans-serif;">\r\n<h1>1</h1>\r\n</div>\r\n\r\n<div class="circle" style="box-sizing: border-box; margin: 10px; width: 80px; height: 80px; border-top-left-radius: 100%; border-top-right-radius: 100%; border-bottom-right-radius: 100%; border-bottom-left-radius: 100%; border: 8px solid rgb(20, 96, 163); color: black; text-align: center; font-size: 72px; overflow: hidden; line-height: 100px; font-family: ''Open Sans'', sans-serif;">\r\n<h1>2</h1>\r\n</div>\r\n\r\n<div class="circle" style="box-sizing: border-box; margin: 10px; width: 80px; height: 80px; border-top-left-radius: 100%; border-top-right-radius: 100%; border-bottom-right-radius: 100%; border-bottom-left-radius: 100%; border: 8px solid rgb(20, 96, 163); color: black; text-align: center; font-size: 72px; overflow: hidden; line-height: 100px; font-family: ''Open Sans'', sans-serif;">\r\n<h1>3</h1>\r\n</div>\r\n\r\n<div class="circle" style="box-sizing: border-box; margin: 10px; width: 80px; height: 80px; border-top-left-radius: 100%; border-top-right-radius: 100%; border-bottom-right-radius: 100%; border-bottom-left-radius: 100%; border: 8px solid rgb(20, 96, 163); color: black; text-align: center; font-size: 72px; overflow: hidden; line-height: 100px; font-family: ''Open Sans'', sans-serif;">\r\n<h1>4</h1>\r\n</div>\r\n\r\n<div class="circle" style="box-sizing: border-box; margin: 10px; width: 80px; height: 80px; border-top-left-radius: 100%; border-top-right-radius: 100%; border-bottom-right-radius: 100%; border-bottom-left-radius: 100%; border: 8px solid rgb(20, 96, 163); color: black; text-align: center; font-size: 72px; overflow: hidden; line-height: 100px; font-family: ''Open Sans'', sans-serif;">\r\n<h1>5</h1>\r\n</div>\r\n', ''),
(3, 'lv', 'pakalpojumi', 'musu pakalpojumi', ''),
(5, 'ru', 'Разработка программного обеспечения', '<p>Разработка программного обеспечения</p>', ''),
(5, 'lv', 'progarmnodrosinajums', '<p>progarmnodrosinajums</p>', ''),
(6, 'ru', 'Дизайн сайтов', 'Дизайн сайтов', ''),
(6, 'lv', 'web saitu dizains', 'web saitu dizains', ''),
(7, 'ru', 'Создание логотипов', 'Создание логотипов', ''),
(7, 'lv', 'logo zimesana', 'logo zimesana', ''),
(8, 'ru', 'разработка веб сайтов', '<p>разработка веб сайтов kontent ewfwefwef</p>\r\n', ''),
(8, 'lv', 'web saitu izstrade', '<p>web saitu izstrade kontent wfw assdfsdf dsf s</p>\r\n', ''),
(10, 'ru', 'тестовая', '<p>тестовая страница</p>\r\n', ''),
(10, 'lv', 'testesana', '<p>test lapaspuse</p>\r\n', ''),
(12, 'ru', 'блог тест', '<p>блог тест</p>\r\n', '<p>блог тест</p>\r\n'),
(12, 'lv', 'tests blog', '<p>tests blog</p>\r\n', '<p>test blog</p>\r\n'),
(13, 'ru', 'Наши работы тест', '<p>блог тест</p>\r\n', '<p><img alt="" src="http://localhost/aligorex/uploads/cke_uploads/2014-06/0be99b8ebe6c7565bfd01a2674e5d282.png" style="height:300px; width:500px" /></p>\r\n'),
(13, 'lv', 'musu darbi test', '<p>musu darbi test</p>\r\n', '<p><img alt="" src="http://localhost/aligorex/uploads/cke_uploads/2014-06/5d22791bd6ee613b32385e97abd0a137.png" style="height:300px; width:500px" /></p>\r\n');

-- --------------------------------------------------------

--
-- Структура таблицы `products`
--

CREATE TABLE IF NOT EXISTS `products` (
  `id` int(10) unsigned NOT NULL AUTO_INCREMENT,
  `title` varchar(255) NOT NULL,
  `url` varchar(255) NOT NULL,
  `description` text NOT NULL,
  `price` double(10,2) NOT NULL,
  `discount` double(10,2) NOT NULL,
  `status` tinyint(1) unsigned NOT NULL,
  `deleted` tinyint(1) unsigned NOT NULL,
  `created` datetime NOT NULL,
  `modified` datetime NOT NULL,
  PRIMARY KEY (`id`)
) ENGINE=InnoDB DEFAULT CHARSET=utf8 AUTO_INCREMENT=1 ;

-- --------------------------------------------------------

--
-- Структура таблицы `products_attributes_values`
--

CREATE TABLE IF NOT EXISTS `products_attributes_values` (
  `products_id` int(10) unsigned NOT NULL,
  `attributes_id` int(10) unsigned NOT NULL,
  `values_id` int(10) unsigned NOT NULL,
  KEY `products_id` (`products_id`),
  KEY `attributes_id` (`attributes_id`),
  KEY `values_id` (`values_id`),
  KEY `products_id_2` (`products_id`,`attributes_id`,`values_id`)
) ENGINE=InnoDB DEFAULT CHARSET=utf8;

-- --------------------------------------------------------

--
-- Структура таблицы `products_img`
--

CREATE TABLE IF NOT EXISTS `products_img` (
  `id` int(10) unsigned NOT NULL AUTO_INCREMENT,
  `product_id` int(10) unsigned NOT NULL,
  `img` varchar(255) NOT NULL,
  `title` varchar(255) NOT NULL,
  `thumbnail` varchar(255) NOT NULL,
  `order` tinyint(3) unsigned NOT NULL,
  PRIMARY KEY (`id`)
) ENGINE=InnoDB DEFAULT CHARSET=utf8 AUTO_INCREMENT=1 ;

-- --------------------------------------------------------

--
-- Структура таблицы `product_category`
--

CREATE TABLE IF NOT EXISTS `product_category` (
  `product_id` int(10) unsigned NOT NULL,
  `category_id` int(10) unsigned NOT NULL,
  KEY `product_id` (`product_id`),
  KEY `category_id` (`category_id`)
) ENGINE=InnoDB DEFAULT CHARSET=utf8;

-- --------------------------------------------------------

--
-- Структура таблицы `routs`
--

CREATE TABLE IF NOT EXISTS `routs` (
  `id` int(10) unsigned NOT NULL AUTO_INCREMENT,
  `p_id` int(10) unsigned NOT NULL,
  `rout` varchar(255) NOT NULL,
  `title` varchar(255) NOT NULL,
  PRIMARY KEY (`id`)
) ENGINE=InnoDB  DEFAULT CHARSET=utf8 AUTO_INCREMENT=83 ;

--
-- Дамп данных таблицы `routs`
--

INSERT INTO `routs` (`id`, `p_id`, `rout`, `title`) VALUES
(6, 0, 'pages/index', 'Страницы (главная)'),
(12, 0, 'blog/index', 'Блог (главная)'),
(48, 0, 'pages/contacts', 'Шаблон - Контакты'),
(49, 0, 'template', 'Все Шаблоны'),
(53, 49, 'pages/template/company', 'Компания'),
(54, 0, 'categories', 'Категории'),
(55, 54, 'pages/category/razrabotka', 'Разработка (Страницы)'),
(56, 54, 'blog/category/novosti', 'Новости (Блог)'),
(57, 54, 'pages/category/dizajn', 'Дизайн (Страницы)'),
(58, 54, 'blog/category/nashi-raboti', 'Наши работы (Блог)'),
(61, 6, 'pages/page/uslugi', 'Услуги'),
(63, 54, 'pages/category/prodvizhenie', 'Продвижение (Страницы)'),
(64, 12, 'blog/article/masterskaja-prirodi', 'Мастерская природы'),
(65, 6, 'pages/page/razrabotka-programmnogo-obespechenija', 'Разработка программного обеспечения'),
(66, 6, 'pages/page/dizajn-sajtov', 'Дизайн сайтов'),
(67, 6, 'pages/page/sozdanie-logotipov', 'Создание логотипов'),
(68, 6, 'pages/page/razrabotka-veb-sajtov', 'разработка веб сайтов'),
(69, 54, '404', 'тестовая (Страницы)'),
(70, 54, '404', 'тестовая (Страницы)'),
(71, 54, '404', 'qwd (Страницы)'),
(72, 6, '404', 'Компания'),
(73, 6, '404', 'Компания'),
(74, 6, '404', 'Компания'),
(75, 6, '404', 'тестовая'),
(76, 6, '404', 'тестовая'),
(77, 6, '404', 'блог тест'),
(78, 6, '404', 'блог тест'),
(79, 12, 'blog/article/nashi-raboti-test', 'Наши работы тест'),
(80, 54, 'cars', 'автомобили (Магазин)'),
(81, 54, 'legkovie', 'легковые (Магазин)'),
(82, 54, 'gruzovie', 'грузовые (Магазин)');

-- --------------------------------------------------------

--
-- Структура таблицы `templates`
--

CREATE TABLE IF NOT EXISTS `templates` (
  `id` int(10) unsigned NOT NULL AUTO_INCREMENT,
  `title` varchar(255) NOT NULL,
  `url` varchar(255) NOT NULL,
  `path` varchar(255) NOT NULL,
  `rout_id` int(10) unsigned NOT NULL,
  `status` tinyint(1) NOT NULL,
  PRIMARY KEY (`id`)
) ENGINE=InnoDB  DEFAULT CHARSET=utf8 AUTO_INCREMENT=4 ;

--
-- Дамп данных таблицы `templates`
--

INSERT INTO `templates` (`id`, `title`, `url`, `path`, `rout_id`, `status`) VALUES
(3, 'Компания', 'company', 'frontend/templates/company', 53, 1);

-- --------------------------------------------------------

--
-- Структура таблицы `users`
--

CREATE TABLE IF NOT EXISTS `users` (
  `id` int(11) unsigned NOT NULL AUTO_INCREMENT,
  `ip_address` varchar(15) NOT NULL,
  `username` varchar(100) NOT NULL,
  `password` varchar(255) NOT NULL,
  `salt` varchar(255) DEFAULT NULL,
  `email` varchar(100) NOT NULL,
  `activation_code` varchar(40) DEFAULT NULL,
  `forgotten_password_code` varchar(40) DEFAULT NULL,
  `forgotten_password_time` int(11) unsigned DEFAULT NULL,
  `remember_code` varchar(40) DEFAULT NULL,
  `created_on` int(11) unsigned NOT NULL,
  `last_login` int(11) unsigned DEFAULT NULL,
  `active` tinyint(1) unsigned DEFAULT NULL,
  `first_name` varchar(50) DEFAULT NULL,
  `last_name` varchar(50) DEFAULT NULL,
  `company` varchar(100) DEFAULT NULL,
  `phone` varchar(20) DEFAULT NULL,
  PRIMARY KEY (`id`)
) ENGINE=InnoDB  DEFAULT CHARSET=utf8 AUTO_INCREMENT=3 ;

--
-- Дамп данных таблицы `users`
--

INSERT INTO `users` (`id`, `ip_address`, `username`, `password`, `salt`, `email`, `activation_code`, `forgotten_password_code`, `forgotten_password_time`, `remember_code`, `created_on`, `last_login`, `active`, `first_name`, `last_name`, `company`, `phone`) VALUES
(1, '127.0.0.1', 'administrator', '$2y$08$OLIe0Vwg4Y3DRjqauA.m3OYVh6NidsZndbYFvcCr9F6sb1jUPptda', '', 'admin@admin.com', '', NULL, NULL, 'NKcZpFViky3dlTsWIhABAe', 1268889823, 1402308610, 1, 'Super admin', 'admin', 'ADMIN', '0'),
(2, '127.0.0.1', 'test admin qwdqwdqwd', '$2y$08$.y7bSfDdPERDpM1EkbNufekTUtHHGe7gKQP6v2XIdG5SnK1cqCI16', NULL, 'test@admin.com', NULL, NULL, NULL, NULL, 1400492133, 1400492342, 1, 'test admin', 'qwdqwdqwd', 'ADMIN', '12213213');

-- --------------------------------------------------------

--
-- Структура таблицы `users_groups`
--

CREATE TABLE IF NOT EXISTS `users_groups` (
  `id` int(11) unsigned NOT NULL AUTO_INCREMENT,
  `user_id` int(11) unsigned NOT NULL,
  `group_id` mediumint(8) unsigned NOT NULL,
  PRIMARY KEY (`id`),
  UNIQUE KEY `uc_users_groups` (`user_id`,`group_id`),
  KEY `fk_users_groups_users1_idx` (`user_id`),
  KEY `fk_users_groups_groups1_idx` (`group_id`)
) ENGINE=InnoDB  DEFAULT CHARSET=utf8 AUTO_INCREMENT=15 ;

--
-- Дамп данных таблицы `users_groups`
--

INSERT INTO `users_groups` (`id`, `user_id`, `group_id`) VALUES
(7, 1, 1),
(8, 1, 2),
(13, 2, 1),
(14, 2, 2);

--
-- Ограничения внешнего ключа сохраненных таблиц
--

--
-- Ограничения внешнего ключа таблицы `attributes_translate`
--
ALTER TABLE `attributes_translate`
  ADD CONSTRAINT `attributes_translate_ibfk_1` FOREIGN KEY (`table_id`) REFERENCES `attributes` (`id`) ON DELETE CASCADE;

--
-- Ограничения внешнего ключа таблицы `attributes_values`
--
ALTER TABLE `attributes_values`
  ADD CONSTRAINT `attributes_values_ibfk_1` FOREIGN KEY (`attributes_id`) REFERENCES `attributes` (`id`) ON DELETE CASCADE ON UPDATE CASCADE;

--
-- Ограничения внешнего ключа таблицы `attributes_values_translate`
--
ALTER TABLE `attributes_values_translate`
  ADD CONSTRAINT `attributes_values_translate_ibfk_1` FOREIGN KEY (`table_id`) REFERENCES `attributes_values` (`values_id`) ON DELETE CASCADE;

--
-- Ограничения внешнего ключа таблицы `categories`
--
ALTER TABLE `categories`
  ADD CONSTRAINT `categories_ibfk_1` FOREIGN KEY (`module_id`) REFERENCES `modules` (`id`) ON DELETE CASCADE;

--
-- Ограничения внешнего ключа таблицы `categories_translate`
--
ALTER TABLE `categories_translate`
  ADD CONSTRAINT `categories_translate_ibfk_1` FOREIGN KEY (`table_id`) REFERENCES `categories` (`id`) ON DELETE CASCADE;

--
-- Ограничения внешнего ключа таблицы `navigation_translate`
--
ALTER TABLE `navigation_translate`
  ADD CONSTRAINT `navigation_translate_ibfk_1` FOREIGN KEY (`table_id`) REFERENCES `navigation` (`id`) ON DELETE CASCADE;

--
-- Ограничения внешнего ключа таблицы `pages`
--
ALTER TABLE `pages`
  ADD CONSTRAINT `pages_ibfk_1` FOREIGN KEY (`module_id`) REFERENCES `modules` (`id`);

--
-- Ограничения внешнего ключа таблицы `pages_categories`
--
ALTER TABLE `pages_categories`
  ADD CONSTRAINT `pages_categories_ibfk_1` FOREIGN KEY (`pages_id`) REFERENCES `pages` (`id`) ON DELETE CASCADE,
  ADD CONSTRAINT `pages_categories_ibfk_2` FOREIGN KEY (`categories_id`) REFERENCES `categories` (`id`) ON DELETE CASCADE;

--
-- Ограничения внешнего ключа таблицы `pages_translate`
--
ALTER TABLE `pages_translate`
  ADD CONSTRAINT `pages_translate_ibfk_1` FOREIGN KEY (`table_id`) REFERENCES `pages` (`id`) ON DELETE CASCADE;

--
-- Ограничения внешнего ключа таблицы `products_attributes_values`
--
ALTER TABLE `products_attributes_values`
  ADD CONSTRAINT `products_attributes_values_ibfk_1` FOREIGN KEY (`attributes_id`) REFERENCES `attributes` (`id`) ON DELETE CASCADE ON UPDATE NO ACTION,
  ADD CONSTRAINT `products_attributes_values_ibfk_3` FOREIGN KEY (`products_id`) REFERENCES `products` (`id`) ON DELETE CASCADE ON UPDATE NO ACTION;

--
-- Ограничения внешнего ключа таблицы `product_category`
--
ALTER TABLE `product_category`
  ADD CONSTRAINT `product_category_ibfk_1` FOREIGN KEY (`product_id`) REFERENCES `products` (`id`) ON DELETE CASCADE,
  ADD CONSTRAINT `product_category_ibfk_2` FOREIGN KEY (`category_id`) REFERENCES `categories` (`id`) ON DELETE CASCADE;

--
-- Ограничения внешнего ключа таблицы `users_groups`
--
ALTER TABLE `users_groups`
  ADD CONSTRAINT `fk_users_groups_groups1` FOREIGN KEY (`group_id`) REFERENCES `groups` (`id`) ON DELETE CASCADE ON UPDATE NO ACTION,
  ADD CONSTRAINT `fk_users_groups_users1` FOREIGN KEY (`user_id`) REFERENCES `users` (`id`) ON DELETE CASCADE ON UPDATE NO ACTION;

/*!40101 SET CHARACTER_SET_CLIENT=@OLD_CHARACTER_SET_CLIENT */;
/*!40101 SET CHARACTER_SET_RESULTS=@OLD_CHARACTER_SET_RESULTS */;
/*!40101 SET COLLATION_CONNECTION=@OLD_COLLATION_CONNECTION */;
